Epoch,Train_Loss,Val_Loss
1,7.627460008312182,7.158255824336299
2,6.692329224172146,6.915765011752093
3,5.992167783841506,6.887183454301622
4,5.149578178630156,7.050996784810667
5,4.212255856324029,7.224550869729784
6,3.2721912673875395,7.533286734863564
7,2.4096252253919195,7.867051636731183
8,1.6955924986931807,8.17129850829089
9,1.1467077484194832,8.493397059264007
10,0.7459532873795375,8.786270984896907
